<?xml version="1.0" encoding="UTF-8"?><pages><page zip="Saymore_Contenu/Saymore_Contenu"><name>Saymore_Contenu</name><creator>matthew_lee</creator><user>matthew_lee</user><is_html>0</is_html><wysiwyg>n</wysiwyg></page><page zip="SayMoreIntro/SayMoreIntro"><name>SayMoreIntro</name><creator>matthew_lee</creator><user>matthew_lee</user><is_html>0</is_html><wysiwyg>n</wysiwyg></page><page zip="SayMoreGestion/SayMoreGestion"><name>SayMoreGestion</name><creator>matthew_lee</creator><user>matthew_lee</user><is_html>0</is_html><wysiwyg>n</wysiwyg></page><page zip="SayMoreTrans/SayMoreTrans"><name>SayMoreTrans</name><creator>matthew_lee</creator><user>matthew_lee</user><is_html>0</is_html><wysiwyg>n</wysiwyg></page><page zip="SaymoreArch/SaymoreArch"><name>SaymoreArch</name><creator>matthew_lee</creator><user>matthew_lee</user><is_html>0</is_html><wysiwyg>n</wysiwyg></page></pages>